2,4,Felecia
5,5,Mirilla
4,4,Sauncho
7,2,Jeffry
7,2,Renata
3,4,Mile
4,5,Hildegarde
2,1,Lyn
2,4,Gerome
8,4,Harriett
3,1,Heida
8,4,Marc
8,3,Babita
4,4,Annaliese
6,5,Meridel
4,2,Allen
7,3,Leia
4,3,Rosalynd
1,4,Scotty
3,5,Alejandrina
3,4,Carney
7,4,Tome
8,3,Lenore
4,2,Freddie
6,3,Cherianne
5,3,Fancie
8,3,Milissent
1,4,Sherry
2,2,Aundrea
5,3,Pren
2,4,Belia
4,3,Kirby
7,2,Anselma
6,4,Tommie
3,4,Sadella
3,4,Sigfried
3,3,Windy
6,5,Terra
5,2,Darlene
3,5,Bianka
5,4,Marshal
8,2,Caspar
6,4,Maura
6,1,Willabella
7,1,Khalil
5,2,Toiboid
8,4,Ray
4,4,Noe
4,2,Louisa
7,3,Cathee
7,3,Mari
4,5,Maximilian
1,3,Patrizia
1,4,Roxy
1,4,Lisetta
2,2,Reta
7,2,Raymond
6,4,Lilllie
5,2,Lura
8,4,Jon
8,4,Archibaldo
5,5,Maritsa
6,5,Abbot
2,3,Miguelita
6,1,Junia
3,4,Bellina
8,1,Erinn
3,5,Augustin
7,2,Fallon
6,2,Queenie
5,4,Davine
4,3,Sergio
8,1,Bette
7,3,Benoit
4,2,Tina
3,4,Addison
1,1,Ginger
4,1,Ulises
7,2,Niccolo
7,5,Archaimbaud
7,1,Kyla
7,4,Niven
3,5,Clyve
3,4,Akim
4,5,Suellen
2,3,Avis
6,3,Marylou
7,2,Natasha
1,2,Shana
4,2,Nathanial
5,5,Xena
2,1,Biddie
6,2,Bartholomew
3,5,Joceline
7,4,Hetti
2,4,Rheba
1,2,Eugenie
6,2,Pacorro
4,1,Lillis
1,3,Arabele
4,3,Kettie
1,3,Ellswerth
1,3,Kelsey
8,1,Meta
1,5,Grace
1,3,Olympie
5,1,Zarah
8,5,Clair
2,2,Saunders
8,5,Frazer
7,3,Fayre
6,3,Lay
7,5,Neila
5,3,Cicily
1,2,Douglass
5,4,Boote
6,4,Garth
8,5,Guntar
6,5,Dory
1,2,Foss
8,4,Trenna
1,5,Elvira
6,1,Jolene
5,4,Hogan
2,3,Kristine
8,5,Issi
4,2,Bel
2,3,Atalanta
5,2,Cristine
6,5,Westley
1,3,Giorgi
4,5,Thomasine
3,2,Jeanna
8,4,Sileas
7,3,Gertrud
2,1,Vyky
3,5,Dorolice
7,4,Gualterio
5,3,Cordula
6,5,Lisetta
3,1,Carlen
3,5,Werner
6,4,Clair
3,1,Violette
1,1,Woody
7,2,Ulick
3,5,Tamera
1,1,Brit
3,4,Cathrine
8,5,Catharina
3,4,Christabella
2,5,Ambrosi
4,4,Berrie
7,1,Nikola
2,3,Dunstan
6,5,Jo-ann
6,1,Jeanette
8,4,Glynda
5,1,Lee
3,1,Orville
3,3,Alf
7,5,Oralie
2,2,Rainer
3,3,Catha
5,4,Gill
7,5,Ichabod
3,3,Deeyn
5,4,Vaughan
7,5,Carie
1,2,Selene
8,4,Jody
1,4,Birgit
4,3,Cecile
1,3,Roseann
2,5,Eleen
8,2,Kore
4,5,Stanwood
6,1,Lissie
8,5,Roslyn
6,1,Ad
3,4,Irv
3,1,Clemence
3,5,Laure
8,5,Anne-marie
8,3,Catlin
3,1,Cornela
6,2,Maurita
3,3,Sherwynd
4,1,Agustin
1,5,Thor
3,2,Yevette
6,4,Leodora
8,4,Erica
2,3,Syd
8,2,Tonnie
4,3,Ivy
2,5,Joey
4,5,Dur
6,4,Grethel
3,4,Nial
6,4,Mikol
3,4,Gertrudis
6,5,Joye
6,4,Christan
1,2,Cordula
5,5,Johny
5,5,Jaye
4,2,Sandye
7,3,Crissie
2,1,Spencer
8,5,Rancell
6,2,Vivia
8,5,Mohandas
7,2,Fawn
4,3,Farris
1,4,Turner
2,3,Myer
4,5,Fred
3,1,Calla
8,2,Helene
1,3,Ely
7,2,Ailee
6,1,Jed
4,1,Jarvis
3,4,Desdemona
1,3,Clair
1,3,Karly
8,5,Dyna
1,2,Maia
1,4,Nara
2,5,Marven
1,4,Arther
4,2,Vasily
4,1,Maritsa
1,3,Cecilla
5,4,Jodie
1,4,Raf
1,4,Betsey
1,3,Evelin
4,2,Wain
3,1,Barnebas
7,3,Valentin
3,4,Deva
2,3,Tobye
4,4,Dalila
5,1,Benedict
5,4,Harley
4,4,Andra
5,3,Fanni
7,2,Valery
4,5,Olga
4,2,Montgomery
4,4,Jewel
7,3,Godart
3,5,Callie
6,5,Haven
6,3,Pavia
5,2,Maury
8,4,Jeromy
1,3,Ingeborg
7,4,Orelia
1,4,Raleigh
2,4,Boniface
8,3,Wenda
7,4,Josefina
3,5,Hildagarde
7,2,Page
1,3,Borg
2,2,Ree
1,3,Nicoli
5,5,Daisi
1,5,Christos
7,4,Ingelbert
3,3,Josefa
8,5,Adorne
1,5,Killian
7,4,Joycelin
4,4,Bartholomew
5,3,Neill
2,3,Cly
8,3,Kattie
8,2,Chancey
5,1,Jammal
1,3,Chery
3,4,Veda
5,4,Vida
8,2,Patricio
1,3,Carla
3,4,Veronike
8,1,Krisha
3,1,Shelley
2,5,Luce
3,1,Alfreda
8,3,Lilyan
3,4,Nanete
2,1,Lezlie
8,5,Hewie
3,4,Aldous
1,2,Kiele
6,1,Godfree
3,3,Johanna
3,2,Alden
7,1,Cooper
8,1,Amabelle
1,1,Malcolm
5,4,Leopold
8,1,Corabella
1,2,Roldan
7,4,Hillel
2,2,Trixi
3,2,Vicky
7,2,Goldarina
1,4,Julissa
8,4,Adaline
5,4,Hernando
2,1,Briano
7,2,Peg
7,1,Lilla
7,3,Regan
1,2,Manda
7,4,Barbabas
7,1,Orland
7,3,Abigael
1,4,Gilberte
7,4,Therese
6,3,Felita
4,4,Annelise
3,1,Isabeau
8,3,Alfredo
3,2,Felicle
7,5,Jodie
1,5,Kenon
6,2,Claudia
8,1,Charita
2,4,Milli
5,5,Rufus
7,4,Mario
1,2,Nydia
5,1,Natassia
3,5,Dania
6,5,Meaghan
1,1,Sydney
3,2,Axel
1,5,Mady
4,3,Florie
8,4,Stephen
2,1,Sonny
5,3,Josepha
2,3,Milly
2,4,Purcell
1,1,Joni
6,5,Dacia
5,2,Kariotta
1,4,Kilian
5,5,Mureil
8,5,Jacquenette
2,3,Zsazsa
3,4,Jillane
4,2,Delbert
7,2,Louise
6,2,Roch
1,2,Vannie
2,5,Montague
8,1,Christopher
6,5,Hermon
7,3,Sid
8,2,Colette
4,2,Thacher
3,3,Ade
6,1,Ricardo
6,2,Minnie
7,5,Lita
2,1,Kathie
5,1,Allie
3,4,Kamillah
7,5,Arlyne
7,3,Thomasin
6,2,Rozele
4,5,Odetta
4,2,Brittany
3,5,Lexi
6,1,Erinn
4,1,Florie
1,1,Shurwood
5,1,Gayle
2,4,Kipper
2,4,Noami
3,2,Jeanine
8,2,Bancroft
2,3,Chad
2,5,Evy
5,5,Shell
8,2,Kassi
1,1,Nevil
3,1,Hyacinthie
8,2,Nonnah
7,3,Zsazsa
2,4,Ruthi
8,1,Wendeline
1,4,Garvy
6,2,Anastassia
8,5,Reina
3,4,Minnnie
2,1,Bethany
2,5,Cyril
4,4,Mayne
4,2,Ferguson
7,3,Waring
6,5,Staford
1,5,Harriet
8,3,Daune
6,1,Virginie
6,2,Isidro
2,4,Susy
4,3,Tisha
5,3,Reynard
1,1,Lira
7,3,Terri
6,1,Joete
2,2,Wynn
5,2,Pete
3,5,Danna
2,4,Jacky
4,2,Trisha
7,3,Lorinda
1,1,Raviv
4,1,Linda
3,5,Rees
8,1,Alexis
5,4,Edgardo
7,1,Gray
8,3,Mariann
8,1,Lisa
3,1,Chan
6,2,Maximilian
5,2,Xylina
5,5,Jocelyn
2,2,Jeralee
2,2,Artemus
2,2,Kordula
1,4,Roger
4,3,Thedric
4,5,Linet
3,3,Rea
6,5,Jolie
5,3,Deborah
6,3,Hertha
4,1,Rorie
1,1,Jeno
5,3,Dolly
4,5,Cori
4,4,Margit
4,3,Joyan
4,2,Lenette
7,5,Kienan
2,4,Harley
8,4,Spenser
2,2,Bernice
4,4,Buiron
8,5,Gardner
2,3,Concettina
3,3,Coletta
1,3,Bucky
4,4,Liv
1,4,Virginia
5,1,Hope
4,1,Reggy
7,3,Ruthy
5,1,Bernetta
4,1,Rina
3,3,Edeline
1,2,Gertie
4,5,Thia
1,4,Winny
1,4,Aleen
5,2,Gustaf
1,4,Gib
6,4,Ofella
4,4,Yasmin
7,1,Vin
4,5,Waring
8,2,Maison
2,2,Kris
6,5,Yevette
1,1,Philis
4,2,Lorette
3,2,Issi
1,5,Ranna
5,5,Fonz
3,3,Garrard
4,2,Cyrille
2,2,Calv
4,4,Davey
5,1,Arliene
1,1,Giacinta
4,4,Brander
3,3,Chere
7,4,Lindsay
2,5,Dani
6,2,Tatiania
2,5,Bronson
7,2,Paule
5,4,Britte
4,1,Tamara
7,4,Ainsley
5,1,Meg
3,5,Sigvard
3,2,Durward
2,1,Pamella
7,1,Rupert
8,1,Maryanna
8,4,Marsh
5,2,Klara
7,3,Anya
1,2,Wendye
6,4,Isak
6,2,Mathian
5,3,Starlene
1,3,Dynah
8,1,Rudolfo
5,2,Aidan
2,5,Giralda
2,4,Charisse
2,1,Ritchie
5,2,Sigismundo
8,5,Amberly
7,2,Nicol
4,5,Marnie
6,2,Taddeo
8,4,Virgie
7,3,Dora
5,3,Barn
5,5,Linnell
2,5,Melva
3,1,Glyn
4,5,Natal
8,2,Jerrilyn
3,2,Ella
7,3,Cassie
4,3,Christye
8,5,Tobi
2,5,Englebert
2,2,Lorie
1,1,Marcela
1,1,Dolli
3,4,Rem
8,4,Kirby
2,1,Sallyanne
1,4,Emmit
4,1,Michaella
8,2,Joscelin
5,1,Aldis
7,3,Aurthur
4,5,Gardie
6,5,Mellisent
8,2,Marion
6,3,Gael
5,4,Prisca
7,3,Cybill
3,2,Aurea
2,3,Reid
4,1,Toby
6,3,Charis
6,2,Shae
8,1,Conroy
2,5,Mikael
2,3,Allina
2,1,Tuesday
1,5,Rosalynd
8,1,Martino
7,1,Danni
8,4,Olvan
8,2,Sheeree
1,4,Farrah
5,2,Sheelah
8,1,Venita
2,3,Nicholas
6,3,Etan
1,2,Bary
2,4,Nadiya
7,1,Emmerich
6,5,Trista
5,3,Katerine
3,5,Sula
3,4,Renelle
3,5,Muffin
5,4,Hiram
4,2,Dougie
1,3,Julie
1,5,Letta
5,3,Neddy
7,2,Mayne
5,2,Gabriello
2,5,Shanan
1,1,Idaline
1,2,Dorothee
6,5,Andriana
4,5,Dniren
5,5,Burr
4,4,Christoph
3,2,Bruce
6,5,Susanne
7,2,Rickert
5,2,Eolanda
4,1,Lucas
4,3,Marcus
8,4,Lek
2,3,Jourdain
5,1,Ambrose
5,1,Benedict
1,1,Taddeo
5,5,Agosto
8,5,Sidonnie
6,4,Erika
7,4,Junia
4,3,Kellina
8,4,Riane
2,1,Kelbee
5,3,Ernestine
5,2,Ron
6,1,Archaimbaud
2,2,Ciel
8,4,Tana
1,2,Tobin
7,3,Margaretha
6,3,Sherry
6,3,Sutherlan
2,3,Costa
6,3,Ax
3,2,Kora
1,1,Paten
2,2,Cathi
2,3,Margret
3,2,Kingsley
8,4,Sabine
3,2,Madonna
1,3,Gard
8,5,Sigismundo
8,5,Jennilee
5,4,Frants
8,3,Lanna
1,1,Anastassia
3,3,Silvano
5,5,Saraann
2,3,Kendall
8,5,Ellsworth
6,4,Francklin
4,5,Laughton
6,4,Blaire
3,1,Kimberlee
3,5,Zacharias
5,2,Braden
6,1,Marketa
1,3,Elston
6,2,Alvera
3,5,Jenilee
1,5,Franciskus
4,1,Saba
1,1,Jon
8,1,Collete
3,3,Suzy
7,2,Omero
7,4,Carl
8,5,Kamillah
4,5,Margie
3,3,Sascha
8,3,Munmro
7,2,Trixi
8,5,Maurita
5,2,Kane
3,1,Piper
4,3,Herminia
4,2,Olimpia
5,5,Amil
4,5,Steven
7,1,Tobye
6,2,Francesca
8,2,Danica
2,4,Muhammad
5,5,Jethro
5,4,Aron
3,5,Ugo
8,1,Kylynn
1,3,Doralynne
7,2,Thornie
3,5,De
7,2,Chick
1,3,Laryssa
2,4,Nev
2,5,Ginevra
3,1,Ernestus
6,3,Les
6,1,Dael
5,4,Renae
6,5,Elladine
5,5,Vivianna
4,1,Sharyl
8,4,Valle
1,5,Tye
3,5,Remy
3,3,Amble
4,5,Verla
3,5,Danette
3,2,Odessa
7,2,Dionysus
4,3,Felita
4,3,Lynsey
1,3,Brody
2,1,Kipp
4,2,Mimi
5,5,Valida
3,2,Hermie
7,1,Salim
6,2,Ahmed
6,2,Fran
7,3,Suzi
3,4,Atlante
2,4,Ulrikaumeko
4,3,Carolyn
4,1,Luce
3,3,Drusilla
4,2,Rolland
5,3,Kirsti
1,3,Haze
2,1,Far
3,5,Thacher
7,1,Alessandro
7,1,Sheree
1,4,Aimil
7,5,Ulrich
1,2,Gilberte
1,1,Filia
5,5,Constancy
5,5,Milty
3,2,Joelle
3,3,Elizabeth
4,3,Eada
3,1,Lilyan
4,3,Cthrine
1,2,Renault
5,1,Rodge
1,1,Manda
8,4,Olympia
2,1,Amelita
6,3,Nanette
3,5,Cthrine
1,3,Constanta
1,5,Annabela
5,3,Hashim
8,1,Hebert
8,2,Selina
6,3,Berta
8,5,Dougy
4,5,Yank
4,5,Margeaux
4,2,Bobby
1,5,Humfried
8,4,Atalanta
8,5,Barthel
6,5,Alfy
7,4,Allina
4,3,Mordecai
6,2,Keir
3,5,Earvin
8,4,Julienne
6,3,Juditha
1,5,Asher
3,1,Harriott
3,2,Nicolle
2,1,Gianina
3,5,Cooper
2,5,Tynan
3,5,Yvon
6,4,Nelly
7,4,Alanna
8,3,Lezlie
4,2,Mallorie
5,4,Branden
6,5,Noel
4,1,Taffy
1,4,Seamus
5,5,Maisie
2,4,Dinah
7,1,Tabatha
4,2,Louie
1,4,Munmro
4,5,Jerrie
2,5,Vick
4,2,Albina
6,4,Sansone
4,1,Wilhelmine
4,5,Gunner
7,2,Christina
4,4,Florrie
6,5,Lindy
6,5,Madalyn
5,1,Dusty
1,1,Lorrie
2,3,Tobin
5,2,Henrietta
7,2,Cari
8,4,Nerte
7,1,Rock
1,3,Thaddus
4,5,Murielle
2,1,Raquel
3,5,Dedra
6,3,Willi
2,3,Francis
7,3,Angel
2,1,Kin
5,1,Huntley
5,5,Chane
4,5,Kellen
8,4,Marion
4,3,Heidi
5,3,Justus
6,2,Dora
2,2,Austen
3,5,Karim
1,3,Benito
7,5,Renaud
4,5,Townsend
1,4,Neala
6,1,Annamaria
5,3,Margareta
6,4,Letisha
5,4,Anitra
6,3,Loella
1,4,Wynny
2,1,Leroi
3,2,Osgood
8,2,Powell
4,1,Wynne
8,2,Randene
4,5,Kirsteni
1,1,Gian
3,3,Jareb
2,2,Benedetto
2,2,Sawyer
3,4,Ingrim
1,1,Courtnay
2,1,Lorne
8,5,Ethelbert
6,2,Rossy
4,2,Humbert
4,5,Colas
5,2,Rodger
8,5,Rollin
7,3,Kerry
5,4,Doralin
3,3,Karalee
8,2,Cody
3,4,Arne
3,2,Gibby
4,4,Mitzi
5,2,Stearn
7,5,Trudi
4,4,Crin
1,4,Boone
5,4,Jasmina
5,1,Rafaela
2,1,Shaina
7,3,Pansy
5,4,Ivie
6,5,Trev
4,4,Roderick
7,1,Abner
1,5,Christiano
2,2,Yance
7,1,Heinrick
2,5,Tami
8,2,Meade
8,2,Gaylor
5,5,Ardyce
8,4,Dennie
1,3,Giacomo
1,5,Godard
6,1,Robert
1,2,Marlyn
2,5,Sela
1,2,Colin
8,2,Launce
8,2,Lynnelle
8,3,Israel
4,2,Cherilyn
2,2,Andreas
2,2,Alistair
4,5,Hamil
7,5,Rhea
3,3,Caddric
4,2,Marthe
2,4,Caesar
8,1,Minnnie
1,2,Selena
7,5,Sholom
1,5,Andee
6,4,Kimmy
4,1,Marsiella
8,3,Queenie
5,4,Reggie
2,4,Meaghan
8,3,Mohandas
2,1,Katti
2,5,Golda
6,2,Even
8,5,Robby
5,1,Joana
5,1,Thalia
8,5,Arlie
6,4,Donalt
4,3,Demetra
2,1,Wilhelm
7,3,Barde
2,2,Jaclyn
3,4,Kassey
3,4,Dannie
3,3,Cathee
3,4,August
7,1,Land
2,1,Grete
2,3,Shay
5,1,Lane
1,1,Gothart
4,2,Nata
3,5,Gaylord
7,5,Davida
8,4,Zelda
6,3,Tuckie
5,4,Carlita
8,4,Romain
3,5,Noach
8,5,Idalina
3,3,Calli
3,3,Chelsae
4,4,Alanah
3,4,Ericha
2,3,Tyler
4,5,Marys
6,3,Gifford
8,4,Corliss
2,4,Binni
5,4,Danny
5,1,Thekla
2,4,Courtney
6,2,Jo-anne
2,5,Lester
6,1,Nannette
6,3,Stu
3,4,Jocelyn
3,2,Debee
6,4,Daria
8,4,Ricky
3,3,Rip
2,4,Nerta
6,2,Anica
4,3,Towny
8,2,Judas
1,5,Robert
6,1,Elonore
1,5,Charlena
6,2,Arielle
3,1,Ermin
5,1,Eliza
7,2,Karlyn
8,4,Morrie
7,5,Francesco
3,4,Dickie
7,3,Webb
7,5,Nickola
8,1,Trever
6,2,Carole
2,5,Marjory
8,4,Way
3,1,Lissi
5,1,Jarad
2,2,Vania
6,4,Doralynn
2,2,Katleen
2,4,Mayne
8,4,Norean
2,3,Helen-elizabeth
7,3,Linell
1,3,Gilbertine
3,5,Briggs
6,5,Lana
1,4,Lisette
6,4,Land
4,4,Filberte
3,2,Stinky
1,2,Andie
4,3,Bryana
2,5,Ayn
7,2,Barny
1,1,Devinne
3,2,Mickie
3,4,Franny
8,2,Kristofer
1,2,Nilson
4,2,Dee
